,Unnamed: 0,Const,Your Rating,Date Rated,Title,URL,Title Type,IMDb Rating,Runtime (mins),Year,Genres,Num Votes,Release Date,Directors,Box Office Gross USA,Inflation Adjusted Box Office Gross USA,Num Award Wins,Num Award Noms
0,0,tt1001526,8,2017-03-15,Megamind,https://www.imdb.com/title/tt1001526/,movie,7.3,95,2010,"Animation, Action, Comedy, Family, Sci-Fi",202997,2010-10-28,Tom McGrath,148415853,178195448,2,16
1,1,tt1010048,8,2017-09-27,Slumdog Millionaire,https://www.imdb.com/title/tt1010048/,movie,8.0,120,2008,"Drama, Romance",733980,2008-08-30,"Loveleen Tandan, Danny Boyle",141319928,175996075,155,131
2,2,tt0102926,8,2017-11-04,The Silence of the Lambs,https://www.imdb.com/title/tt0102926/,movie,8.6,118,1991,"Crime, Drama, Thriller",1099162,1991-01-30,Jonathan Demme,130742922,222190506,68,51
3,3,tt1037705,8,2018-01-15,The Book of Eli,https://www.imdb.com/title/tt1037705/,movie,6.9,118,2010,"Action, Adventure, Drama, Thriller",265788,2010-01-11,"Allen Hughes, Albert Hughes",94835059,113863684,3,16
4,4,tt0104257,8,2017-10-25,A Few Good Men,https://www.imdb.com/title/tt0104257/,movie,7.7,138,1992,"Drama, Thriller",210629,1992-12-02,Rob Reiner,141340178,235847520,10,30
5,5,tt0104691,10,2017-03-15,The Last of the Mohicans,https://www.imdb.com/title/tt0104691/,movie,7.8,112,1992,"Action, Adventure, Drama, Romance, War",133441,1992-08-26,Michael Mann,75505856,125992970,7,17
6,6,tt1049413,7,2017-03-15,Up,https://www.imdb.com/title/tt1049413/,movie,8.3,96,2009,"Animation, Adventure, Comedy, Family",822476,2009-05-13,"Pete Docter, Bob Peterson",293004164,358287567,80,82
7,7,tt1055369,6,2017-09-27,Transformers: Revenge of the Fallen,https://www.imdb.com/title/tt1055369/,movie,6.0,150,2009,"Action, Adventure, Sci-Fi",359796,2009-06-19,Michael Bay,402111870,491705242,15,28
8,8,tt0106977,8,2017-03-15,The Fugitive,https://www.imdb.com/title/tt0106977/,movie,7.8,130,1993,"Action, Crime, Drama, Mystery, Thriller",240795,1993-07-29,Andrew Davis,183875760,301264895,13,37
9,9,tt0107290,7,2017-03-15,Jurassic Park,https://www.imdb.com/title/tt0107290/,movie,8.1,127,1993,"Adventure, Sci-Fi, Thriller",763259,1993-06-09,Steven Spielberg,402828120,659999836,42,26
10,10,tt1074638,8,2017-11-24,Skyfall,https://www.imdb.com/title/tt1074638/,movie,7.8,143,2012,"Action, Adventure, Thriller",583967,2012-10-23,Sam Mendes,304360277,352306797,66,121
11,11,tt0107614,8,2017-10-25,Mrs. Doubtfire,https://www.imdb.com/title/tt0107614/,movie,7.0,125,1993,"Comedy, Drama, Family",214799,1993-11-22,Chris Columbus,219195243,359132884,11,10
12,12,tt0108002,10,2018-12-30,Rudy,https://www.imdb.com/title/tt0108002/,movie,7.6,114,1993,"Biography, Drama, Sport",49217,1993-09-18,David Anspaugh,22881563,37489507,2,1
13,13,tt0108037,7,2017-10-15,The Sandlot,https://www.imdb.com/title/tt0108037/,movie,7.8,101,1993,"Comedy, Drama, Family, Sport",69419,1993-04-07,David Mickey Evans,32968362,54015875,1,0
14,14,tt0108052,8,2017-03-15,Schindler's List,https://www.imdb.com/title/tt0108052/,movie,8.9,195,1993,"Biography, Drama, History",1056562,1993-11-30,Steven Spielberg,96898818,158760525,90,49
15,15,tt0108550,9,2018-09-22,What's Eating Gilbert Grape,https://www.imdb.com/title/tt0108550/,movie,7.8,118,1993,Drama,194198,1993-10-01,Lasse HallstrÃ¶m,10032765,16437837,8,7
16,16,tt0109830,9,2017-03-15,Forrest Gump,https://www.imdb.com/title/tt0109830/,movie,8.8,142,1994,"Drama, Romance",1561011,1994-06-23,Robert Zemeckis,330455270,531612396,50,74
17,17,tt0110357,7,2017-12-06,The Lion King,https://www.imdb.com/title/tt0110357/,movie,8.5,88,1994,"Animation, Adventure, Drama, Family, Musical",809405,1994-05-07,"Rob Minkoff, Roger Allers",422783777,680143781,37,34
18,18,tt0110413,8,2017-03-15,LÃ©on,https://www.imdb.com/title/tt0110413/,movie,8.6,110,1994,"Crime, Drama, Thriller",898148,1994-09-14,Luc Besson,19501238,31372172,6,14
19,19,tt0110912,9,2018-10-18,Pulp Fiction,https://www.imdb.com/title/tt0110912/,movie,8.9,154,1994,"Crime, Drama",1595605,1994-05-21,Quentin Tarantino,107928762,173627940,69,74
20,20,tt0111161,10,2017-03-15,The Shawshank Redemption,https://www.imdb.com/title/tt0111161/,movie,9.3,142,1994,Drama,2042272,1994-09-10,Frank Darabont,28699976,46170433,21,42
21,21,tt0112573,10,2017-03-15,Braveheart,https://www.imdb.com/title/tt0112573/,movie,8.4,178,1995,"Biography, Drama, History, War",874806,1995-05-18,Mel Gibson,75609945,119431725,33,32
22,22,tt1130884,10,2018-09-16,Shutter Island,https://www.imdb.com/title/tt1130884/,movie,8.1,138,2010,"Mystery, Thriller",978028,2010-02-13,Martin Scorsese,128012934,153698689,11,65
23,23,tt0113492,6,2017-03-15,Judge Dredd,https://www.imdb.com/title/tt0113492/,movie,5.5,96,1995,"Action, Crime, Sci-Fi, Thriller",101192,1995-06-30,Danny Cannon,34693481,54801022,2,5
24,24,tt0114369,8,2018-06-21,Se7en,https://www.imdb.com/title/tt0114369/,movie,8.6,127,1995,"Crime, Drama, Mystery, Thriller",1250723,1995-09-15,David Fincher,100125643,158156157,26,41
25,25,tt0114709,8,2017-03-15,Toy Story,https://www.imdb.com/title/tt0114709/,movie,8.3,81,1995,"Animation, Adventure, Comedy, Family, Fantasy",770014,1995-11-19,John Lasseter,222498679,351453783,27,23
26,26,tt0114746,8,2017-03-15,Twelve Monkeys,https://www.imdb.com/title/tt0114746/,movie,8.0,129,1995,"Mystery, Sci-Fi, Thriller",532702,1995-12-08,Terry Gilliam,57141459,90259331,10,24
27,27,tt0114814,8,2018-09-16,The Usual Suspects,https://www.imdb.com/title/tt0114814/,movie,8.6,106,1995,"Crime, Mystery, Thriller",885804,1995-01-25,Bryan Singer,23341568,36869802,37,16
28,28,tt1152836,8,2017-12-05,Public Enemies,https://www.imdb.com/title/tt1152836/,movie,7.0,140,2009,"Biography, Crime, Drama, History, Romance",257588,2009-06-18,Michael Mann,97104620,118740217,1,14
29,29,tt0116282,8,2018-09-03,Fargo,https://www.imdb.com/title/tt0116282/,movie,8.1,98,1996,"Crime, Drama, Thriller",549639,1996-03-08,"Ethan Coen, Joel Coen",24611975,38172061,83,57
30,30,tt0116629,7,2017-03-15,Independence Day,https://www.imdb.com/title/tt0116629/,movie,7.0,145,1996,"Action, Adventure, Sci-Fi",486895,1996-06-25,Roland Emmerich,306169268,474854710,35,35
31,31,tt1170358,7,2017-03-15,The Hobbit: The Desolation of Smaug,https://www.imdb.com/title/tt1170358/,movie,7.8,161,2013,"Adventure, Fantasy",556431,2013-12-02,Peter Jackson,258366855,293648792,18,90
32,32,tt0117060,7,2017-10-25,Mission: Impossible,https://www.imdb.com/title/tt0117060/,movie,7.1,110,1996,"Action, Adventure, Thriller",352367,1996-05-20,Brian De Palma,180981856,280694686,3,17
33,33,tt0117887,7,2017-03-15,That Thing You Do!,https://www.imdb.com/title/tt0117887/,movie,6.9,108,1996,"Comedy, Drama, Music",56158,1996-09-14,Tom Hanks,25857416,40103684,3,8
34,34,tt0117913,9,2018-01-19,A Time to Kill,https://www.imdb.com/title/tt0117913/,movie,7.4,149,1996,"Crime, Drama, Thriller",116896,1996-07-24,Joel Schumacher,108766007,168691165,7,12
35,35,tt0118571,6,2017-03-15,Air Force One,https://www.imdb.com/title/tt0118571/,movie,6.5,124,1997,"Action, Drama, Thriller",164614,1997-07-21,Wolfgang Petersen,172956409,263386907,7,12
36,36,tt0118799,8,2017-09-22,La vita Ã¨ bella,https://www.imdb.com/title/tt0118799/,movie,8.6,116,1997,"Comedy, Drama, Romance, War",535897,1997-12-20,Roberto Benigni,57563264,87660296,70,51
37,37,tt0118884,7,2017-10-25,Contact,https://www.imdb.com/title/tt0118884/,movie,7.4,150,1997,"Drama, Mystery, Sci-Fi, Thriller",231587,1997-07-11,Robert Zemeckis,100920329,153686662,14,30
38,38,tt0119217,8,2017-10-13,Good Will Hunting,https://www.imdb.com/title/tt0119217/,movie,8.3,126,1997,"Drama, Romance",747234,1997-12-02,Gus Van Sant,138433435,210813548,24,60
39,39,tt1194173,6,2017-03-15,The Bourne Legacy,https://www.imdb.com/title/tt1194173/,movie,6.7,135,2012,"Action, Adventure, Thriller",264336,2012-07-30,Tony Gilroy,113203870,131037115,1,11
40,40,tt0119654,7,2017-03-15,Men in Black,https://www.imdb.com/title/tt0119654/,movie,7.3,98,1997,"Adventure, Comedy, Mystery, Sci-Fi",465763,1997-07-02,Barry Sonnenfeld,250690539,381764434,23,39
41,41,tt1201607,10,2017-10-21,Harry Potter and the Deathly Hallows: Part 2,https://www.imdb.com/title/tt1201607/,movie,8.1,130,2011,"Adventure, Drama, Fantasy, Mystery",674584,2011-07-07,David Yates,381409310,449641069,45,94
42,42,tt0120363,7,2017-03-15,Toy Story 2,https://www.imdb.com/title/tt0120363/,movie,7.9,92,1999,"Animation, Adventure, Comedy, Family, Fantasy",456767,1999-11-13,"John Lasseter, Lee Unkrich, Ash Brannon",245852179,360951060,21,27
43,43,tt0120382,7,2017-09-22,The Truman Show,https://www.imdb.com/title/tt0120382/,movie,8.1,103,1998,"Comedy, Drama, Sci-Fi",816776,1998-06-01,Peter Weir,125618201,187831514,40,68
44,44,tt0120484,7,2018-12-30,The Waterboy,https://www.imdb.com/title/tt0120484/,movie,6.1,90,1998,"Comedy, Sport",135242,1998-11-06,Frank Coraci,161491646,241471540,6,6
45,45,tt1205489,8,2017-03-15,Gran Torino,https://www.imdb.com/title/tt1205489/,movie,8.1,116,2008,Drama,657978,2008-12-09,Clint Eastwood,148095302,184433946,21,21
46,46,tt0120591,7,2017-10-25,Armageddon,https://www.imdb.com/title/tt0120591/,movie,6.7,151,1998,"Action, Adventure, Sci-Fi, Thriller",363700,1998-06-30,Michael Bay,201578182,301411220,15,40
47,47,tt0120689,10,2017-03-15,The Green Mile,https://www.imdb.com/title/tt0120689/,movie,8.5,189,1999,"Crime, Drama, Fantasy, Mystery",982171,1999-12-06,Frank Darabont,136801374,200846708,15,37
48,48,tt0120737,10,2017-03-15,The Lord of the Rings: The Fellowship of the Ring,https://www.imdb.com/title/tt0120737/,movie,8.8,178,2001,"Adventure, Drama, Fantasy",1471143,2001-12-10,Peter Jackson,315544750,446634180,119,124
49,49,tt0120768,7,2018-02-28,The Negotiator,https://www.imdb.com/title/tt0120768/,movie,7.3,140,1998,"Action, Crime, Drama, Mystery, Thriller",120388,1998-07-29,F. Gary Gray,44547681,66610239,2,6
50,50,tt0120815,9,2017-03-15,Saving Private Ryan,https://www.imdb.com/title/tt0120815/,movie,8.6,169,1998,"Drama, War",1078636,1998-07-21,Steven Spielberg,217049603,324544973,79,74
51,51,tt0120863,10,2018-12-01,The Thin Red Line,https://www.imdb.com/title/tt0120863/,movie,7.6,170,1998,"Drama, War",158067,1998-12-22,Terrence Malick,36400491,54428094,20,47
52,52,tt0120873,7,2017-03-15,U.S. Marshals,https://www.imdb.com/title/tt0120873/,movie,6.5,131,1998,"Action, Crime, Thriller",87370,1998-03-06,Stuart Baird,57167405,85479971,0,1
53,53,tt0120903,7,2017-03-15,X-Men,https://www.imdb.com/title/tt0120903/,movie,7.4,104,2000,"Action, Adventure, Sci-Fi",524313,2000-07-12,Bryan Singer,157299718,226756932,13,26
54,54,tt0120915,6,2017-03-15,Star Wars: Episode I - The Phantom Menace,https://www.imdb.com/title/tt0120915/,movie,6.5,136,1999,"Action, Adventure, Fantasy, Sci-Fi",639582,1999-05-16,George Lucas,474544677,696708912,27,68
55,55,tt1210819,6,2017-03-15,The Lone Ranger,https://www.imdb.com/title/tt1210819/,movie,6.4,150,2013,"Action, Adventure, Western",205743,2013-06-22,Gore Verbinski,89302115,101496990,4,19
56,56,tt1211837,8,2017-09-27,Doctor Strange,https://www.imdb.com/title/tt1211837/,movie,7.5,115,2016,"Action, Adventure, Fantasy, Sci-Fi",474521,2016-10-13,Scott Derrickson,232641920,250296340,20,66
57,57,tt1216475,6,2017-10-25,Cars 2,https://www.imdb.com/title/tt1216475/,movie,6.2,106,2011,"Animation, Adventure, Comedy, Family, Sport",132979,2011-06-18,"Brad Lewis, John Lasseter",191452396,225702042,1,19
58,58,tt0121765,7,2017-03-15,Star Wars: Episode II - Attack of the Clones,https://www.imdb.com/title/tt0121765/,movie,6.6,142,2002,"Action, Adventure, Fantasy, Sci-Fi",561132,2002-05-12,George Lucas,310676740,431775608,20,64
59,59,tt0121766,6,2017-03-15,Star Wars: Episode III - Revenge of the Sith,https://www.imdb.com/title/tt0121766/,movie,7.6,140,2005,"Action, Adventure, Fantasy, Sci-Fi",625583,2005-05-12,George Lucas,380270577,500284669,27,62
60,60,tt1220719,8,2017-11-04,Yip Man,https://www.imdb.com/title/tt1220719/,movie,8.0,106,2008,"Action, Biography, Drama, Sport",193502,2008-12-12,Wilson Yip,0,0,13,19
61,61,tt1228705,7,2017-10-21,Iron Man 2,https://www.imdb.com/title/tt1228705/,movie,7.0,124,2010,"Action, Adventure, Sci-Fi",629744,2010-04-26,Jon Favreau,312433331,375122983,7,44
62,62,tt1229238,8,2017-03-15,Mission: Impossible - Ghost Protocol,https://www.imdb.com/title/tt1229238/,movie,7.4,132,2011,"Action, Adventure, Thriller",420293,2011-12-07,Brad Bird,209397903,246857889,5,30
63,63,tt1245526,7,2017-03-16,RED,https://www.imdb.com/title/tt1245526/,movie,7.1,111,2010,"Action, Comedy, Crime, Thriller",267648,2010-09-29,Robert Schwentke,90380162,108514913,4,19
64,64,tt1266020,10,2017-10-30,Parks and Recreation,https://www.imdb.com/title/tt1266020/,tvSeries,8.6,22,2009,Comedy,168039,2009-04-09,,0,0,25,140
65,65,tt1270798,7,2018-10-18,X: First Class,https://www.imdb.com/title/tt1270798/,movie,7.7,131,2011,"Action, Adventure, Sci-Fi",595969,2011-05-25,Matthew Vaughn,146408305,172599842,21,39
66,66,tt1300854,6,2017-03-15,Iron Man 3,https://www.imdb.com/title/tt1300854/,movie,7.2,130,2013,"Action, Adventure, Sci-Fi",664844,2013-04-12,Shane Black,409013994,464867930,20,63
67,67,tt1302011,6,2017-10-25,Kung Fu Panda 2,https://www.imdb.com/title/tt1302011/,movie,7.2,90,2011,"Animation, Action, Adventure, Comedy, Family, Fantasy",221781,2011-05-22,Jennifer Yuh Nelson,165249063,194811095,5,47
68,68,tt1320253,6,2017-03-16,The Expendables,https://www.imdb.com/title/tt1320253/,movie,6.5,103,2010,"Action, Adventure, Thriller",303324,2010-08-03,Sylvester Stallone,103068524,123749191,3,5
69,69,tt1323594,8,2017-03-15,Despicable Me,https://www.imdb.com/title/tt1323594/,movie,7.7,95,2010,"Animation, Comedy, Family, Fantasy",454069,2010-06-20,"Chris Renaud, Pierre Coffin",251513985,301980188,3,41
70,70,tt0133093,9,2017-03-25,The Matrix,https://www.imdb.com/title/tt0133093/,movie,8.7,136,1999,"Action, Sci-Fi",1466416,1999-03-24,"Lilly Wachowski, Lana Wachowski",171479930,251760479,41,50
71,71,tt1343092,8,2018-01-28,The Great Gatsby,https://www.imdb.com/title/tt1343092/,movie,7.3,143,2013,"Drama, Romance",423661,2013-05-01,Baz Luhrmann,144840419,164619467,50,84
72,72,tt1345836,8,2017-03-15,The Dark Knight Rises,https://www.imdb.com/title/tt1345836/,movie,8.4,164,2012,"Action, Thriller",1355626,2012-07-16,Christopher Nolan,448139099,518735401,38,102
73,73,tt1351685,7,2017-03-15,Jack the Giant Slayer,https://www.imdb.com/title/tt1351685/,movie,6.3,114,2013,"Adventure, Fantasy",120817,2013-02-27,Bryan Singer,65187603,74089460,1,4
74,74,tt1365050,8,2018-01-21,Beasts of No Nation,https://www.imdb.com/title/tt1365050/,movie,7.8,137,2015,"Drama, War",61432,2015-09-03,Cary Joji Fukunaga,90777,99468,32,54
75,75,tt1375666,10,2017-03-15,Inception,https://www.imdb.com/title/tt1375666/,movie,8.8,148,2010,"Action, Adventure, Sci-Fi, Thriller",1789173,2010-07-08,Christopher Nolan,292576195,351281518,156,210
76,76,tt1386697,7,2017-03-15,Suicide Squad,https://www.imdb.com/title/tt1386697/,movie,6.1,123,2016,"Action, Adventure, Fantasy, Sci-Fi",512081,2016-08-01,David Ayer,325100054,349770813,17,39
77,77,tt1386932,6,2018-04-10,Yip Man 2,https://www.imdb.com/title/tt1386932/,movie,7.6,108,2010,"Action, Drama, Sport",84741,2010-04-29,Wilson Yip,205675,246943,6,10
78,78,tt1392190,10,2017-11-04,Mad Max: Fury Road,https://www.imdb.com/title/tt1392190/,movie,8.1,120,2015,"Action, Adventure, Sci-Fi, Thriller",756518,2015-05-07,George Miller,154058340,168808134,240,220
79,79,tt1392214,10,2018-02-22,Prisoners,https://www.imdb.com/title/tt1392214/,movie,8.1,153,2013,"Crime, Drama, Mystery, Thriller",511068,2013-08-30,Denis Villeneuve,61002302,69332625,10,38
80,80,tt1396484,7,2018-07-19,It,https://www.imdb.com/title/tt1396484/,movie,7.4,135,2017,"Horror, Thriller",332120,2017-09-05,Andy Muschietti,328828874,347372024,8,45
81,81,tt1408101,6,2017-03-15,Star Trek Into Darkness,https://www.imdb.com/title/tt1408101/,movie,7.7,132,2013,"Action, Adventure, Sci-Fi",440983,2013-05-02,J.J. Abrams,228778661,260020107,7,57
82,82,tt1409024,8,2017-03-15,Men in Black 3,https://www.imdb.com/title/tt1409024/,movie,6.8,106,2012,"Action, Adventure, Comedy, Sci-Fi",302346,2012-05-14,Barry Sonnenfeld,179020854,207222388,1,13
83,83,tt1430132,6,2017-03-15,The Wolverine,https://www.imdb.com/title/tt1430132/,movie,6.7,126,2013,"Action, Adventure, Sci-Fi",391531,2013-07-16,James Mangold,132556852,150658487,2,11
84,84,tt1446714,6,2017-09-27,Prometheus,https://www.imdb.com/title/tt1446714/,movie,7.0,124,2012,"Adventure, Mystery, Sci-Fi",530993,2012-04-11,Ridley Scott,126477084,146401287,6,47
85,85,tt1453405,6,2017-03-15,Monsters University,https://www.imdb.com/title/tt1453405/,movie,7.3,104,2013,"Animation, Adventure, Comedy, Family, Fantasy",284610,2013-06-05,Dan Scanlon,268492764,305157470,9,58
86,86,tt0145487,7,2017-03-17,Spider-Man,https://www.imdb.com/title/tt0145487/,movie,7.3,121,2002,"Action, Adventure, Sci-Fi",626429,2002-04-30,Sam Raimi,407022860,565676539,16,63
87,87,tt1490017,8,2018-12-30,The Lego Movie,https://www.imdb.com/title/tt1490017/,movie,7.8,100,2014,"Animation, Action, Adventure, Comedy, Family, Fantasy",294375,2014-02-01,"Christopher Miller, Phil Lord",257760692,287651390,72,65
88,88,tt1535109,7,2017-09-24,Captain Phillips,https://www.imdb.com/title/tt1535109/,movie,7.8,134,2013,"Biography, Drama, Thriller",379920,2013-09-27,Paul Greengrass,107100855,121726282,16,152
89,89,tt1601913,7,2017-12-19,The Grey,https://www.imdb.com/title/tt1601913/,movie,6.8,117,2011,"Action, Adventure, Drama, Thriller",225779,2011-12-11,Joe Carnahan,51580236,60807620,2,8
90,90,tt0162222,7,2017-03-15,Cast Away,https://www.imdb.com/title/tt0162222/,movie,7.8,143,2000,"Adventure, Drama, Romance",462898,2000-12-07,Robert Zemeckis,233632142,336794677,15,37
91,91,tt1623205,5,2017-03-15,Oz the Great and Powerful,https://www.imdb.com/title/tt1623205/,movie,6.3,130,2013,"Adventure, Family, Fantasy",190349,2013-02-14,Sam Raimi,234911825,266990801,6,31
92,92,tt1631867,9,2017-03-15,Edge of Tomorrow,https://www.imdb.com/title/tt1631867/,movie,7.9,113,2014,"Action, Sci-Fi",533442,2014-05-28,Doug Liman,100206256,111826472,11,37
93,93,tt1648190,5,2017-11-15,The Dark Tower,https://www.imdb.com/title/tt1648190/,movie,5.7,95,2017,"Action, Adventure, Fantasy, Horror, Sci-Fi, Western",101873,2017-08-03,Nikolaj Arcel,50701325,53560448,0,4
94,94,tt1663662,9,2017-03-15,Pacific Rim,https://www.imdb.com/title/tt1663662/,movie,6.9,131,2013,"Action, Adventure, Sci-Fi",437027,2013-07-01,Guillermo del Toro,101802906,115704858,7,48
95,95,tt1670345,7,2017-03-15,Now You See Me,https://www.imdb.com/title/tt1670345/,movie,7.3,115,2013,"Crime, Mystery, Thriller",541746,2013-05-21,Louis Leterrier,117723989,133800085,1,3
96,96,tt0167190,6,2017-10-25,Hellboy,https://www.imdb.com/title/tt0167190/,movie,6.9,122,2004,"Action, Fantasy, Horror, Sci-Fi",280215,2004-03-30,Guillermo del Toro,59623958,79888985,3,23
97,97,tt0167260,10,2017-03-15,The Lord of the Rings: The Return of the King,https://www.imdb.com/title/tt0167260/,movie,8.9,201,2003,"Adventure, Drama, Fantasy",1454511,2003-12-01,Peter Jackson,377845905,515611332,210,122
98,98,tt0167261,10,2017-03-15,The Lord of the Rings: The Two Towers,https://www.imdb.com/title/tt0167261/,movie,8.7,179,2002,"Adventure, Drama, Fantasy",1315143,2002-12-05,Peter Jackson,342551365,476074662,125,137
99,99,tt0167404,9,2018-10-22,The Sixth Sense,https://www.imdb.com/title/tt0167404/,movie,8.1,107,1999,"Drama, Mystery, Thriller",827645,1999-08-02,M. Night Shyamalan,293506292,430915063,32,54
100,100,tt1690953,6,2017-03-15,Despicable Me 2,https://www.imdb.com/title/tt1690953/,movie,7.4,98,2013,"Animation, Adventure, Comedy, Family, Fantasy, Sci-Fi",336697,2013-06-16,"Chris Renaud, Pierre Coffin",368065385,418327481,12,67
101,101,tt0172495,10,2017-03-19,Gladiator,https://www.imdb.com/title/tt0172495/,movie,8.5,155,2000,"Action, Adventure, Drama",1181344,2000-05-01,Ridley Scott,187705427,270588576,59,104
102,102,tt1772341,6,2017-10-25,Wreck-It Ralph,https://www.imdb.com/title/tt1772341/,movie,7.7,101,2012,"Animation, Adventure, Comedy, Family, Fantasy",330528,2012-11-01,Rich Moore,189422889,219263078,33,42
103,103,tt1772925,8,2017-03-15,Jiro Dreams of Sushi,https://www.imdb.com/title/tt1772925/,movie,7.9,81,2011,Documentary,30220,2011-06-15,David Gelb,2552478,3009100,2,12
104,104,tt1809398,6,2017-03-15,Unbroken,https://www.imdb.com/title/tt1809398/,movie,7.2,137,2014,"Biography, Drama, Sport, War",127585,2014-11-17,Angelina Jolie,115637895,129047610,15,32
105,105,tt0181689,8,2018-02-03,Minority Report,https://www.imdb.com/title/tt0181689/,movie,7.7,145,2002,"Action, Crime, Mystery, Sci-Fi, Thriller",461215,2002-06-17,Steven Spielberg,132072926,183553709,20,90
106,106,tt1821694,7,2017-03-16,RED 2,https://www.imdb.com/title/tt1821694/,movie,6.6,116,2013,"Action, Comedy, Crime, Thriller",145959,2013-07-18,Dean Parisot,53262560,60535963,0,3
107,107,tt1825683,8,2018-06-02,Black Panther,https://www.imdb.com/title/tt1825683/,movie,7.4,134,2018,"Action, Adventure, Sci-Fi",445175,2018-01-29,Ryan Coogler,700059566,726136482,111,263
108,108,tt0183649,7,2017-11-04,Phone Booth,https://www.imdb.com/title/tt0183649/,movie,7.1,81,2002,"Crime, Thriller",233209,2002-09-10,Joel Schumacher,46566212,64717283,1,8
109,109,tt1843866,9,2017-03-15,Captain America: The Winter Soldier,https://www.imdb.com/title/tt1843866/,movie,7.8,136,2014,"Action, Adventure, Sci-Fi, Thriller",632990,2014-03-13,"Anthony Russo, Joe Russo",259766572,289889878,5,51
110,110,tt1853728,10,2018-06-12,Django Unchained,https://www.imdb.com/title/tt1853728/,movie,8.4,165,2012,"Drama, Western",1177832,2012-12-11,Quentin Tarantino,162805434,188452519,59,153
111,111,tt1860353,6,2017-03-15,Turbo,https://www.imdb.com/title/tt1860353/,movie,6.4,96,2013,"Animation, Adventure, Comedy, Family, Sci-Fi, Sport",72731,2013-07-10,David Soren,83028128,94366243,1,13
112,112,tt0187393,9,2018-12-30,The Patriot,https://www.imdb.com/title/tt0187393/,movie,7.2,165,2000,"Action, Drama, History, War",233602,2000-06-27,Roland Emmerich,113330342,163372452,9,20
113,113,tt1877832,7,2017-03-15,X-Men: Days of Future Past,https://www.imdb.com/title/tt1877832/,movie,8.0,132,2014,"Action, Adventure, Sci-Fi, Thriller",604986,2014-05-10,Bryan Singer,233921534,261047772,16,48
114,114,tt0190590,8,2017-03-15,"O Brother, Where Art Thou?",https://www.imdb.com/title/tt0190590/,movie,7.8,107,2000,"Adventure, Comedy, Crime, Music",259932,2000-05-13,"Ethan Coen, Joel Coen",45512588,65609112,7,38
115,115,tt0195685,9,2017-10-15,Erin Brockovich,https://www.imdb.com/title/tt0195685/,movie,7.3,131,2000,"Biography, Drama",155584,2000-03-14,Steven Soderbergh,125595205,181052984,33,59
116,116,tt1959563,7,2017-12-04,The Hitman's Bodyguard,https://www.imdb.com/title/tt1959563/,movie,6.9,118,2017,"Action, Comedy, Crime, Thriller",153701,2017-08-10,Patrick Hughes,75468583,79724368,1,8
117,117,tt1972591,8,2018-01-01,King Arthur: Legend of the Sword,https://www.imdb.com/title/tt1972591/,movie,6.8,126,2017,"Action, Adventure, Drama, Fantasy",161671,2017-04-27,Guy Ritchie,39175066,41384206,0,9
118,118,tt1981115,7,2017-03-15,Thor: The Dark World,https://www.imdb.com/title/tt1981115/,movie,7.0,112,2013,"Action, Adventure, Fantasy",515940,2013-10-22,Alan Taylor,206362140,234542442,3,21
119,119,tt0198781,7,2017-03-15,"Monsters, Inc.",https://www.imdb.com/title/tt0198781/,movie,8.1,92,2001,"Animation, Adventure, Comedy, Family, Fantasy",719967,2001-10-28,"Pete Docter, David Silverman, Lee Unkrich",289916256,410358623,15,38
120,120,tt2015381,8,2017-09-09,Guardians of the Galaxy,https://www.imdb.com/title/tt2015381/,movie,8.1,121,2014,"Action, Adventure, Comedy, Sci-Fi",902582,2014-07-21,James Gunn,333176600,371812751,52,101
121,121,tt2034800,5,2017-09-27,The Great Wall,https://www.imdb.com/title/tt2034800/,movie,6.0,103,2016,"Action, Adventure, Fantasy, Thriller",106684,2016-12-06,Yimou Zhang,45540830,48996771,3,2
122,122,tt2094766,5,2017-09-27,Assassin's Creed,https://www.imdb.com/title/tt2094766/,movie,5.8,115,2016,"Action, Adventure, Sci-Fi",161573,2016-12-13,Justin Kurzel,54647948,58794998,2,1
123,123,tt2103281,7,2017-03-15,Dawn of the Planet of the Apes,https://www.imdb.com/title/tt2103281/,movie,7.6,130,2014,"Action, Adventure, Drama, Sci-Fi",383252,2014-06-26,Matt Reeves,208545589,232729157,17,48
124,124,tt2109248,7,2017-09-27,Transformers: Age of Extinction,https://www.imdb.com/title/tt2109248/,movie,5.7,165,2014,"Action, Adventure, Sci-Fi",278937,2014-06-19,Michael Bay,245439076,273900923,5,23
125,125,tt0210945,9,2017-03-15,Remember the Titans,https://www.imdb.com/title/tt0210945/,movie,7.8,113,2000,"Biography, Drama, Sport",181472,2000-09-23,Boaz Yakin,115654751,166723226,8,18
126,126,tt2119532,8,2017-03-15,Hacksaw Ridge,https://www.imdb.com/title/tt2119532/,movie,8.1,139,2016,"Biography, Drama, History, War",350177,2016-09-04,Mel Gibson,67209615,72309928,53,114
127,127,tt2140479,8,2017-09-27,The Accountant,https://www.imdb.com/title/tt2140479/,movie,7.3,128,2016,"Action, Crime, Drama, Thriller",225428,2016-10-10,Gavin O'Connor,86260045,92806032,3,5
128,128,tt0217869,7,2017-11-22,Unbreakable,https://www.imdb.com/title/tt0217869/,movie,7.3,106,2000,"Drama, Mystery, Sci-Fi, Thriller",321182,2000-11-14,M. Night Shyamalan,95011339,136964516,2,13
129,129,tt2179136,7,2018-01-28,American Sniper,https://www.imdb.com/title/tt2179136/,movie,7.3,133,2014,"Action, Biography, Drama, History, Thriller, War",392522,2014-11-11,Clint Eastwood,350126372,390728070,24,43
130,130,tt0022100,6,2017-09-22,M - Eine Stadt sucht einen MÃ¶rder,https://www.imdb.com/title/tt0022100/,movie,8.3,117,1931,"Crime, Mystery, Thriller",124059,1931-05-11,Fritz Lang,35566,181067,2,0
131,131,tt0223897,6,2018-06-21,Pay It Forward,https://www.imdb.com/title/tt0223897/,movie,7.2,123,2000,Drama,106072,2000-10-12,Mimi Leder,33519628,48320544,1,4
132,132,tt2250912,8,2017-12-06,Spider-Man: Homecoming,https://www.imdb.com/title/tt2250912/,movie,7.5,133,2017,"Action, Adventure, Sci-Fi",385159,2017-06-28,Jon Watts,334201140,353047240,7,9
133,133,tt2310332,7,2017-10-25,The Hobbit: The Battle of the Five Armies,https://www.imdb.com/title/tt2310332/,movie,7.4,144,2014,"Adventure, Fantasy",429291,2014-12-01,Peter Jackson,255119788,284704239,7,54
134,134,tt2379713,8,2017-10-25,Spectre,https://www.imdb.com/title/tt2379713/,movie,6.8,148,2015,"Action, Adventure, Thriller",345410,2015-10-26,Sam Mendes,200074609,219230075,8,34
135,135,tt2381249,9,2017-03-15,Mission: Impossible - Rogue Nation,https://www.imdb.com/title/tt2381249/,movie,7.4,131,2015,"Action, Adventure, Thriller",303112,2015-07-23,Christopher McQuarrie,195042377,213716049,6,24
136,136,tt2395427,9,2017-10-21,Avengers: Age of Ultron,https://www.imdb.com/title/tt2395427/,movie,7.4,141,2015,"Action, Adventure, Sci-Fi",625178,2015-04-13,Joss Whedon,459005868,502951832,8,47
137,137,tt2404435,7,2017-03-15,The Magnificent Seven,https://www.imdb.com/title/tt2404435/,movie,6.9,132,2016,"Action, Adventure, Western",163202,2016-09-08,Antoine Fuqua,93432655,100522947,5,12
138,138,tt0241527,6,2018-04-10,Harry Potter and the Sorcerer's Stone,https://www.imdb.com/title/tt0241527/,movie,7.6,152,2001,"Adventure, Family, Fantasy",555358,2001-11-04,Chris Columbus,318087620,450233456,17,68
139,139,tt0246578,10,2018-01-13,Donnie Darko,https://www.imdb.com/title/tt0246578/,movie,8.1,113,2001,"Drama, Sci-Fi, Thriller",685516,2001-01-19,Richard Kelly,1478493,2092715,11,15
140,140,tt2488496,7,2017-03-15,Star Wars: Episode VII - The Force Awakens,https://www.imdb.com/title/tt2488496/,movie,8.0,136,2015,"Action, Adventure, Fantasy, Sci-Fi",768020,2015-12-14,J.J. Abrams,936662225,1026339781,63,130
141,141,tt0251160,6,2017-09-29,John Q,https://www.imdb.com/title/tt0251160/,movie,7.1,116,2002,"Crime, Drama, Thriller",113410,2002-02-15,Nick Cassavetes,71756802,99726927,2,8
142,142,tt2527336,6,2018-04-19,Star Wars: Episode VIII - The Last Jedi,https://www.imdb.com/title/tt2527336/,movie,7.2,152,2017,"Action, Adventure, Fantasy, Sci-Fi",439968,2017-12-09,Rian Johnson,620181382,655154334,23,93
143,143,tt0253474,8,2018-02-01,The Pianist,https://www.imdb.com/title/tt0253474/,movie,8.5,150,2002,"Biography, Drama, Music, War",622713,2002-05-24,Roman Polanski,32572577,45269060,57,73
144,144,tt2543164,10,2017-03-15,Arrival,https://www.imdb.com/title/tt2543164/,movie,7.9,116,2016,"Drama, Mystery, Sci-Fi, Thriller",490881,2016-09-01,Denis Villeneuve,100546139,108176250,68,258
145,145,tt0257044,10,2018-10-22,Road to Perdition,https://www.imdb.com/title/tt0257044/,movie,7.7,117,2002,"Crime, Drama, Thriller",225205,2002-07-12,Sam Mendes,104454762,145170244,23,82
146,146,tt0258463,8,2017-03-15,The Bourne Identity,https://www.imdb.com/title/tt0258463/,movie,7.9,119,2002,"Action, Mystery, Thriller",467577,2002-06-06,Doug Liman,121661683,169084261,3,6
147,147,tt0264464,10,2017-10-13,Catch Me If You Can,https://www.imdb.com/title/tt0264464/,movie,8.1,141,2002,"Biography, Crime, Drama",694823,2002-12-16,Steven Spielberg,164615351,228780865,16,46
148,148,tt0265086,9,2017-03-15,Black Hawk Down,https://www.imdb.com/title/tt0265086/,movie,7.7,144,2001,"Drama, History, War",333401,2001-12-18,Ridley Scott,108638745,153771459,11,37
149,149,tt2660888,6,2017-11-22,Star Trek: Beyond,https://www.imdb.com/title/tt2660888/,movie,7.1,122,2016,"Action, Adventure, Sci-Fi, Thriller",204714,2016-07-20,Justin Lin,158848340,170902811,3,28
150,150,tt0266543,7,2017-03-15,Finding Nemo,https://www.imdb.com/title/tt0266543/,movie,8.1,100,2003,"Animation, Adventure, Comedy, Family",846639,2003-05-30,"Andrew Stanton, Lee Unkrich",380843261,519701546,50,62
151,151,tt0266697,9,2017-12-20,Kill Bill: Vol. 1,https://www.imdb.com/title/tt0266697/,movie,8.1,111,2003,"Action, Crime, Thriller",883243,2003-09-29,Quentin Tarantino,70099045,95657678,28,102
152,152,tt0268380,6,2017-10-25,Ice Age,https://www.imdb.com/title/tt0268380/,movie,7.5,81,2002,"Animation, Adventure, Comedy, Family, Fantasy",390495,2002-03-12,"Chris Wedge, Carlos Saldanha",176387405,245141555,5,30
153,153,tt0268978,9,2017-10-21,A Beautiful Mind,https://www.imdb.com/title/tt0268978/,movie,8.2,135,2001,"Biography, Drama",752678,2001-12-13,Ron Howard,170742341,241675279,37,68
154,154,tt2713180,6,2017-09-24,Fury,https://www.imdb.com/title/tt2713180/,movie,7.6,134,2014,"Action, Drama, War",372544,2014-10-15,David Ayer,85817906,95769606,5,23
155,155,tt0277434,8,2017-03-15,We Were Soldiers,https://www.imdb.com/title/tt0277434/,movie,7.2,138,2002,"Action, Drama, History, War",118841,2002-02-25,Randall Wallace,78122718,108574218,3,5
156,156,tt0286106,7,2017-11-22,Signs,https://www.imdb.com/title/tt0286106/,movie,6.7,106,2002,"Drama, Mystery, Sci-Fi, Thriller",309109,2002-07-29,M. Night Shyamalan,227966634,316825881,3,34
157,157,tt0290334,6,2017-03-15,X2,https://www.imdb.com/title/tt0290334/,movie,7.5,134,2003,"Action, Adventure, Sci-Fi, Thriller",470719,2003-04-24,Bryan Singer,214949694,293321951,6,41
158,158,tt2911666,9,2017-03-15,John Wick,https://www.imdb.com/title/tt2911666/,movie,7.3,101,2014,"Action, Crime, Thriller",413528,2014-09-19,"David Leitch, Chad Stahelski",43037835,48028630,5,8
159,159,tt2975590,7,2017-03-15,Batman v Superman: Dawn of Justice,https://www.imdb.com/title/tt2975590/,movie,6.5,151,2016,"Action, Adventure, Fantasy, Sci-Fi",560546,2016-03-12,Zack Snyder,330360194,355430128,14,33
160,160,tt2980516,8,2018-05-25,The Theory of Everything,https://www.imdb.com/title/tt2980516/,movie,7.7,123,2014,"Biography, Drama, Romance",349440,2014-09-07,James Marsh,35893537,40055858,25,123
161,161,tt3076658,5,2017-10-25,Creed,https://www.imdb.com/title/tt3076658/,movie,7.6,133,2015,"Drama, Sport",213246,2015-11-19,Ryan Coogler,109767581,120276906,46,63
162,162,tt3110958,7,2017-03-17,Now You See Me 2,https://www.imdb.com/title/tt3110958/,movie,6.5,129,2016,"Action, Adventure, Comedy, Crime, Mystery, Thriller",206373,2016-06-02,Jon M. Chu,65075540,70013905,0,4
163,163,tt0031381,7,2017-03-15,Gone with the Wind,https://www.imdb.com/title/tt0031381/,movie,8.2,238,1939,"Drama, History, Romance, War",258894,1939-12-15,"Sam Wood, George Cukor, Victor Fleming",200852579,883384060,20,12
164,164,tt0316654,7,2017-03-15,Spider-Man 2,https://www.imdb.com/title/tt0316654/,movie,7.3,127,2004,"Action, Adventure, Sci-Fi",487908,2004-06-25,Sam Raimi,373585825,500560403,25,60
165,165,tt0031679,6,2017-03-15,Mr. Smith Goes to Washington,https://www.imdb.com/title/tt0031679/,movie,8.2,129,1939,"Comedy, Drama",96388,1939-10-17,Frank Capra,144738,636582,6,16
166,166,tt0317219,7,2017-09-27,Cars,https://www.imdb.com/title/tt0317219/,movie,7.1,117,2006,"Animation, Comedy, Family, Sport",318637,2006-03-14,"John Lasseter, Joe Ranft",244082982,315297364,28,34
167,167,tt0317705,8,2018-09-24,The Incredibles,https://www.imdb.com/title/tt0317705/,movie,8.0,115,2004,"Animation, Action, Adventure, Family",583260,2004-10-27,Brad Bird,261441092,350299850,67,56
168,168,tt0317740,7,2017-03-16,The Italian Job,https://www.imdb.com/title/tt0317740/,movie,7.0,111,2003,"Action, Crime, Thriller",317670,2003-05-30,F. Gary Gray,106128601,144823878,8,7
169,169,tt0317919,7,2017-10-25,Mission: Impossible III,https://www.imdb.com/title/tt0317919/,movie,6.9,126,2006,"Action, Adventure, Thriller",300401,2006-04-24,J.J. Abrams,134029801,173134737,7,14
170,170,tt3183660,8,2017-09-29,Fantastic Beasts and Where to Find Them,https://www.imdb.com/title/tt3183660/,movie,7.3,133,2016,"Adventure, Family, Fantasy",347737,2016-11-08,David Yates,234037575,251797906,15,53
171,171,tt0318974,8,2017-10-15,The Alamo,https://www.imdb.com/title/tt0318974/,movie,6.0,137,2004,"Drama, History, War, Western",18341,2004-03-27,John Lee Hancock,22414961,30033371,0,1
172,172,tt0032138,8,2017-11-08,The Wizard of Oz,https://www.imdb.com/title/tt0032138/,movie,8.0,102,1939,"Adventure, Family, Fantasy, Musical",345247,1939-08-11,"Mervyn LeRoy, King Vidor, Norman Taurog, George Cukor, Victor Fleming",24790250,109031767,11,17
173,173,tt0325710,9,2017-03-15,The Last Samurai,https://www.imdb.com/title/tt0325710/,movie,7.7,154,2003,"Action, Drama, History, War",363643,2003-11-22,Edward Zwick,111127263,151645089,21,66
174,174,tt3263904,6,2017-10-25,Sully,https://www.imdb.com/title/tt3263904/,movie,7.5,96,2016,"Biography, Drama",193763,2016-09-02,Clint Eastwood,125070033,134561181,14,35
175,175,tt0327056,8,2018-10-18,Mystic River,https://www.imdb.com/title/tt0327056/,movie,8.0,138,2003,"Crime, Drama, Mystery, Thriller",382653,2003-05-23,Clint Eastwood,90135191,122999152,57,142
176,176,tt3315342,8,2017-12-17,Logan,https://www.imdb.com/title/tt3315342/,movie,8.1,137,2017,"Action, Drama, Sci-Fi, Thriller",530946,2017-02-17,James Mangold,226277068,239037169,26,74
177,177,tt0033467,7,2017-03-15,Citizen Kane,https://www.imdb.com/title/tt0033467/,movie,8.4,119,1941,"Drama, Mystery",355872,1941-05-01,Orson Welles,1585634,6723444,10,13
178,178,tt3371366,6,2017-09-27,Transformers: The Last Knight,https://www.imdb.com/title/tt3371366/,movie,5.2,154,2017,"Action, Adventure, Sci-Fi",112502,2017-06-18,Michael Bay,130168683,137509089,2,19
179,179,tt0033729,7,2017-09-27,How Green Was My Valley,https://www.imdb.com/title/tt0033729/,movie,7.8,118,1941,"Drama, Family",18591,1941-10-28,John Ford,0,0,13,6
180,180,tt0337978,7,2017-03-16,Live Free or Die Hard,https://www.imdb.com/title/tt0337978/,movie,7.1,128,2007,"Action, Adventure, Thriller",367030,2007-06-12,Len Wiseman,134529403,170631191,3,16
181,181,tt0338348,6,2017-03-15,The Polar Express,https://www.imdb.com/title/tt0338348/,movie,6.6,100,2004,"Animation, Adventure, Comedy, Family, Fantasy, Musical",152824,2004-10-21,Robert Zemeckis,187224490,250858464,5,26
182,182,tt3385516,8,2017-09-25,X-Men: Apocalypse,https://www.imdb.com/title/tt3385516/,movie,7.0,144,2016,"Action, Adventure, Sci-Fi",340493,2016-05-09,Bryan Singer,155442489,167238501,1,19
183,183,tt0033870,6,2017-03-15,The Maltese Falcon,https://www.imdb.com/title/tt0033870/,movie,8.1,100,1941,"Film-Noir, Mystery",137848,1941-10-03,John Huston,0,0,4,3
184,184,tt3393786,5,2017-03-15,Jack Reacher: Never Go Back,https://www.imdb.com/title/tt3393786/,movie,6.1,118,2016,"Action, Thriller",116999,2016-10-12,Edward Zwick,58697076,63151401,1,0
185,185,tt3416532,8,2017-09-24,A Monster Calls,https://www.imdb.com/title/tt3416532/,movie,7.5,108,2016,"Animation, Drama, Fantasy",67535,2016-09-09,J.A. Bayona,3740823,4024701,38,52
186,186,tt3450958,8,2017-11-11,War for the Planet of the Apes,https://www.imdb.com/title/tt3450958/,movie,7.5,140,2017,"Action, Adventure, Drama, Sci-Fi, Thriller",192979,2017-07-07,Matt Reeves,146880162,155162953,28,63
187,187,tt0034583,7,2017-03-15,Casablanca,https://www.imdb.com/title/tt0034583/,movie,8.5,102,1942,"Drama, Romance, War",465324,1942-11-26,Michael Curtiz,4108411,17104923,8,9
188,188,tt3498820,8,2017-03-15,Captain America: Civil War,https://www.imdb.com/title/tt3498820/,movie,7.8,147,2016,"Action, Adventure, Sci-Fi",544321,2016-04-12,"Anthony Russo, Joe Russo",408084349,439052510,16,68
189,189,tt3501632,9,2018-03-10,Thor: Ragnarok,https://www.imdb.com/title/tt3501632/,movie,7.9,130,2017,"Action, Adventure, Comedy, Fantasy, Sci-Fi",424252,2017-10-10,Taika Waititi,315058289,332824895,6,48
190,190,tt0359950,7,2017-03-15,The Secret Life of Walter Mitty,https://www.imdb.com/title/tt0359950/,movie,7.3,114,2013,"Adventure, Comedy, Drama, Fantasy, Romance",271274,2013-10-05,Ben Stiller,58236838,66189516,5,18
191,191,tt0361748,9,2017-03-15,Inglourious Basterds,https://www.imdb.com/title/tt0361748/,movie,8.3,153,2009,"Adventure, Drama, War",1089279,2009-05-20,"Quentin Tarantino, Eli Roth",120540719,147398045,133,171
192,192,tt3659388,8,2017-10-21,The Martian,https://www.imdb.com/title/tt3659388/,movie,8.0,144,2015,"Adventure, Drama, Sci-Fi",655830,2015-09-11,Ridley Scott,228433663,250304271,40,195
193,193,tt0367882,5,2017-03-15,Indiana Jones and the Kingdom of the Crystal Skull,https://www.imdb.com/title/tt0367882/,movie,6.2,122,2008,"Action, Adventure, Fantasy",384490,2008-05-18,Steven Spielberg,317101119,394909291,10,42
194,194,tt3682448,6,2017-09-24,Bridge of Spies,https://www.imdb.com/title/tt3682448/,movie,7.6,142,2015,"Drama, History, Thriller",256869,2015-10-04,Steven Spielberg,72313754,79237189,31,101
195,195,tt0368447,8,2017-03-16,The Village,https://www.imdb.com/title/tt0368447/,movie,6.5,108,2004,"Drama, Mystery, Thriller",222435,2004-07-26,M. Night Shyamalan,114197520,153011042,4,23
196,196,tt0369610,7,2017-03-15,Jurassic World,https://www.imdb.com/title/tt0369610/,movie,7.0,124,2015,"Action, Adventure, Sci-Fi",526278,2015-05-29,Colin Trevorrow,652270625,714720070,15,57
197,197,tt0371746,8,2017-10-21,Iron Man,https://www.imdb.com/title/tt0371746/,movie,7.9,126,2008,"Action, Adventure, Sci-Fi",828870,2008-04-14,Jon Favreau,318604126,396781096,21,67
198,198,tt0372183,8,2017-03-15,The Bourne Supremacy,https://www.imdb.com/title/tt0372183/,movie,7.8,108,2004,"Action, Mystery, Thriller",401023,2004-07-16,Paul Greengrass,176241941,236143159,5,22
199,199,tt0372784,7,2017-03-15,Batman Begins,https://www.imdb.com/title/tt0372784/,movie,8.3,140,2005,"Action, Adventure, Thriller",1166129,2005-05-31,Christopher Nolan,206852432,272135439,14,73
200,200,tt3748528,9,2017-09-27,Rogue One,https://www.imdb.com/title/tt3748528/,movie,7.8,133,2016,"Action, Adventure, Sci-Fi",459159,2016-12-10,Gareth Edwards,532177324,572562487,24,82
201,201,tt0374900,8,2017-11-22,Napoleon Dynamite,https://www.imdb.com/title/tt0374900/,movie,6.9,96,2004,Comedy,181224,2004-01-17,Jared Hess,44540956,59679563,10,22
202,202,tt0376994,7,2017-10-25,X-Men: The Last Stand,https://www.imdb.com/title/tt0376994/,movie,6.7,104,2006,"Action, Adventure, Sci-Fi, Thriller",442479,2006-05-22,Brett Ratner,234362462,302740756,7,37
203,203,tt0382932,8,2017-03-15,Ratatouille,https://www.imdb.com/title/tt0382932/,movie,8.0,111,2007,"Animation, Adventure, Comedy, Drama, Family, Fantasy",562480,2007-06-22,"Brad Bird, Jan Pinkava",206445654,261846608,67,42
204,204,tt0038650,9,2018-08-27,It's a Wonderful Life,https://www.imdb.com/title/tt0038650/,movie,8.6,130,1946,"Drama, Family, Fantasy",347801,1946-12-20,Frank Capra,0,0,6,6
205,205,tt3890160,8,2017-10-21,Baby Driver,https://www.imdb.com/title/tt3890160/,movie,7.6,112,2017,"Action, Crime, Drama, Music, Thriller",343074,2017-03-11,Edgar Wright,107825862,113906323,41,62
206,206,tt3896198,7,2018-06-02,Guardians of the Galaxy Vol. 2,https://www.imdb.com/title/tt3896198/,movie,7.7,136,2017,"Action, Adventure, Comedy, Sci-Fi",438742,2017-04-10,James Gunn,389813101,411795242,14,53
207,207,tt0395169,8,2017-03-15,Hotel Rwanda,https://www.imdb.com/title/tt0395169/,movie,8.1,121,2004,"Biography, Drama, History, War",308341,2004-09-11,Terry George,23530892,31528585,16,48
208,208,tt0039628,7,2017-03-25,Miracle on 34th Street,https://www.imdb.com/title/tt0039628/,movie,7.9,96,1947,"Comedy, Drama, Family",36542,1947-06-04,George Seaton,2650000,10068968,8,1
209,209,tt0040458,8,2017-03-25,I Remember Mama,https://www.imdb.com/title/tt0040458/,movie,8.2,134,1948,"Drama, Family",4510,1948-03-09,George Stevens,0,0,1,8
210,210,tt0405159,10,2018-10-19,Million Dollar Baby,https://www.imdb.com/title/tt0405159/,movie,8.1,132,2004,"Drama, Sport",575336,2004-12-05,Clint Eastwood,100492203,134647554,68,84
211,211,tt0407887,8,2017-09-22,The Departed,https://www.imdb.com/title/tt0407887/,movie,8.5,151,2006,"Crime, Drama, Thriller",1049555,2006-09-26,Martin Scorsese,132384315,171009159,98,139
212,212,tt0411477,7,2017-09-24,Hellboy II: The Golden Army,https://www.imdb.com/title/tt0411477/,movie,7.0,120,2008,"Action, Adventure, Fantasy, Horror, Sci-Fi",235321,2008-06-28,Guillermo del Toro,75986503,94631567,5,30
213,213,tt4116284,8,2017-11-24,The Lego Batman Movie,https://www.imdb.com/title/tt4116284/,movie,7.3,104,2017,"Animation, Action, Comedy, Family",109299,2017-02-01,Chris McKay,175750384,185661210,12,67
214,214,tt4154756,9,2018-05-16,Avengers: Infinity War,https://www.imdb.com/title/tt4154756/,movie,8.5,149,2018,"Action, Adventure, Fantasy, Sci-Fi",569808,2018-04-23,"Anthony Russo, Joe Russo",678815482,704101065,44,71
215,215,tt0000417,8,2018-03-10,Le voyage dans la lune,https://www.imdb.com/title/tt0000417/,short,8.2,13,1902,"Short, Adventure, Fantasy, Sci-Fi",37563,1902-09-01,Georges MÃ©liÃ¨s,0,0,1,0
216,216,tt4172430,6,2017-09-24,13 Hours,https://www.imdb.com/title/tt4172430/,movie,7.3,144,2016,"Action, Drama, History, Thriller, War",99931,2016-01-12,Michael Bay,52853219,56864073,0,5
217,217,tt0418279,6,2017-09-27,Transformers,https://www.imdb.com/title/tt0418279/,movie,7.1,144,2007,"Action, Adventure, Sci-Fi",562751,2007-06-12,Michael Bay,319246193,404917862,20,44
218,218,tt4196776,7,2017-03-15,Jason Bourne,https://www.imdb.com/title/tt4196776/,movie,6.6,123,2016,"Action, Thriller",185551,2016-07-03,Paul Greengrass,162434410,174761016,3,20
219,219,tt0434409,9,2018-01-14,V for Vendetta,https://www.imdb.com/title/tt0434409/,movie,8.2,132,2005,"Action, Drama, Sci-Fi, Thriller",935085,2005-12-11,James McTeigue,70511035,92764447,7,27
220,220,tt0435761,7,2017-03-15,Toy Story 3,https://www.imdb.com/title/tt0435761/,movie,8.3,103,2010,"Animation, Adventure, Comedy, Family, Fantasy",663846,2010-06-12,Lee Unkrich,415004880,498275481,62,94
221,221,tt0438488,7,2017-11-21,Terminator Salvation,https://www.imdb.com/title/tt0438488/,movie,6.6,115,2009,"Action, Adventure, Sci-Fi",315899,2009-05-14,McG,125322469,153245202,2,13
222,222,tt0044081,8,2017-03-15,A Streetcar Named Desire,https://www.imdb.com/title/tt0044081/,movie,8.0,122,1951,Drama,89923,1951-09-09,Elia Kazan,0,0,17,15
223,223,tt0440963,8,2017-03-15,The Bourne Ultimatum,https://www.imdb.com/title/tt0440963/,movie,8.0,115,2007,"Action, Mystery, Thriller",574112,2007-07-25,Paul Greengrass,227471070,288514323,29,41
224,224,tt0441773,7,2017-03-15,Kung Fu Panda,https://www.imdb.com/title/tt0441773/,movie,7.6,92,2008,"Animation, Action, Adventure, Comedy, Family",370197,2008-05-15,"John Stevenson, Mark Osborne",215434591,268296504,14,39
225,225,tt4425200,8,2017-09-27,John Wick: Chapter 2,https://www.imdb.com/title/tt4425200/,movie,7.5,122,2017,"Action, Crime, Thriller",257154,2017-01-30,Chad Stahelski,92029184,97218846,4,6
226,226,tt0443543,7,2018-03-09,The Illusionist,https://www.imdb.com/title/tt0443543/,movie,7.6,110,2006,"Drama, Mystery, Romance, Thriller",333238,2006-01-22,Neil Burger,39868642,51500836,10,11
227,227,tt0445990,7,2017-03-15,Invincible,https://www.imdb.com/title/tt0445990/,movie,7.1,105,2006,"Biography, Drama, Sport",59547,2006-08-25,Ericson Core,57806952,74672881,0,2
228,228,tt0446029,8,2018-10-07,Scott Pilgrim vs. the World,https://www.imdb.com/title/tt0446029/,movie,7.5,112,2010,"Action, Comedy, Fantasy, Romance",330155,2010-07-27,Edgar Wright,31524275,37849611,17,64
229,229,tt0450259,8,2018-01-21,Blood Diamond,https://www.imdb.com/title/tt0450259/,movie,8.0,143,2006,"Adventure, Drama, Thriller",455400,2006-12-08,Edward Zwick,57377916,74118668,8,32
230,230,tt0045061,6,2017-12-26,The Quiet Man,https://www.imdb.com/title/tt0045061/,movie,7.8,129,1952,"Comedy, Drama, Romance",30997,1952-06-06,John Ford,10550000,36583343,10,8
231,231,tt0451279,7,2017-10-21,Wonder Woman,https://www.imdb.com/title/tt0451279/,movie,7.5,141,2017,"Action, Adventure, Fantasy, Sci-Fi, War",461179,2017-05-15,Patty Jenkins,412563408,435828473,23,70
232,232,tt0453467,7,2017-12-02,Deja Vu,https://www.imdb.com/title/tt0453467/,movie,7.1,126,2006,"Action, Crime, Sci-Fi, Thriller",271882,2006-11-20,Tony Scott,64038616,82722714,1,6
233,233,tt0455944,8,2017-09-29,The Equalizer,https://www.imdb.com/title/tt0455944/,movie,7.2,132,2014,"Action, Crime, Thriller",292657,2014-09-07,Antoine Fuqua,101530738,113304545,1,9
234,234,tt0457430,8,2018-02-01,El laberinto del fauno,https://www.imdb.com/title/tt0457430/,movie,8.2,118,2006,"Drama, Fantasy, War",560262,2006-05-27,Guillermo del Toro,37634615,48615003,105,110
235,235,tt0458339,7,2017-03-17,Captain America: The First Avenger,https://www.imdb.com/title/tt0458339/,movie,6.9,124,2011,"Action, Adventure, Sci-Fi",632833,2011-07-19,Joe Johnston,176654505,208256900,4,46
236,236,tt0458525,7,2017-03-15,X-Men Origins: Wolverine,https://www.imdb.com/title/tt0458525/,movie,6.6,107,2009,"Action, Adventure, Sci-Fi, Thriller",426612,2009-04-08,Gavin Hood,179883157,219962398,3,18
237,237,tt0468569,9,2017-03-15,The Dark Knight,https://www.imdb.com/title/tt0468569/,movie,9.0,152,2008,"Action, Crime, Drama, Thriller",2009751,2008-07-14,Christopher Nolan,535234033,666566214,155,159
238,238,tt0046912,7,2018-02-01,Dial M for Murder,https://www.imdb.com/title/tt0046912/,movie,8.2,105,1954,"Crime, Thriller",137330,1954-05-19,Alfred Hitchcock,12562,41995,4,3
239,239,tt0469494,9,2017-03-15,There Will Be Blood,https://www.imdb.com/title/tt0469494/,movie,8.2,158,2007,Drama,453502,2007-09-27,Paul Thomas Anderson,40222514,51016471,112,136
240,240,tt0047396,8,2017-11-19,Rear Window,https://www.imdb.com/title/tt0047396/,movie,8.5,112,1954,"Mystery, Thriller",388437,1954-08-04,Alfred Hitchcock,36764313,122906295,6,13
241,241,tt0047478,9,2018-12-30,Shichinin no samurai,https://www.imdb.com/title/tt0047478/,movie,8.7,207,1954,"Adventure, Drama",276332,1954-04-26,Akira Kurosawa,318649,1065271,5,8
242,242,tt0475290,8,2017-03-16,"Hail, Caesar!",https://www.imdb.com/title/tt0475290/,movie,6.3,106,2016,"Comedy, Mystery",108528,2016-02-01,"Ethan Coen, Joel Coen",30498085,32812483,13,44
243,243,tt0477080,6,2017-09-29,Unstoppable,https://www.imdb.com/title/tt0477080/,movie,6.8,98,2010,"Action, Thriller",170189,2010-10-26,Tony Scott,81562942,97928521,1,14
244,244,tt0477348,10,2017-03-15,No Country for Old Men,https://www.imdb.com/title/tt0477348/,movie,8.1,122,2007,"Crime, Drama, Thriller",748547,2007-05-19,"Ethan Coen, Joel Coen",74283625,94218090,163,137
245,245,tt0478970,7,2017-10-21,Ant-Man,https://www.imdb.com/title/tt0478970/,movie,7.3,117,2015,"Action, Adventure, Comedy, Sci-Fi",469029,2015-06-29,Peyton Reed,180202163,197455009,3,34
246,246,tt0479143,5,2017-03-15,Rocky Balboa,https://www.imdb.com/title/tt0479143/,movie,7.2,102,2006,"Drama, Sport",186091,2006-12-13,Sylvester Stallone,70270943,90773403,0,4
247,247,tt0480249,6,2017-03-15,I Am Legend,https://www.imdb.com/title/tt0480249/,movie,7.2,101,2007,"Drama, Horror, Sci-Fi, Thriller",621510,2007-12-05,Francis Lawrence,256393010,325197643,9,22
248,248,tt0482571,10,2018-02-03,The Prestige,https://www.imdb.com/title/tt0482571/,movie,8.5,130,2006,"Drama, Mystery, Sci-Fi, Thriller",1038397,2006-10-17,Christopher Nolan,53089891,68579556,6,40
249,249,tt0048960,7,2017-03-15,Around the World in 80 Days,https://www.imdb.com/title/tt0048960/,movie,6.8,175,1956,"Adventure, Comedy, Family, Romance",21628,1956-10-17,"John Farrow, Michael Anderson",42000000,135367279,13,5
250,250,tt0490215,9,2017-12-16,Silence,https://www.imdb.com/title/tt0490215/,movie,7.2,161,2016,"Adventure, Drama, History",81895,2016-11-29,Martin Scorsese,7100177,7638985,7,56
251,251,tt0049470,8,2017-11-19,The Man Who Knew Too Much,https://www.imdb.com/title/tt0049470/,movie,7.5,120,1956,"Drama, Thriller",50598,1956-04-29,Alfred Hitchcock,0,0,2,4
252,252,tt0499549,7,2017-10-25,Avatar,https://www.imdb.com/title/tt0499549/,movie,7.8,162,2009,"Action, Adventure, Fantasy, Sci-Fi",1020243,2009-12-10,James Cameron,760507625,929954110,89,129
253,253,tt0050083,9,2017-03-15,12 Angry Men,https://www.imdb.com/title/tt0050083/,movie,8.9,96,1957,Drama,574989,1957-04-10,Sidney Lumet,0,0,16,12
254,254,tt5013056,9,2018-01-01,Dunkirk,https://www.imdb.com/title/tt5013056/,movie,7.9,106,2017,"Action, Drama, History, Thriller, War",442729,2017-07-13,Christopher Nolan,189740665,200440423,67,227
255,255,tt0050212,6,2017-03-15,The Bridge on the River Kwai,https://www.imdb.com/title/tt0050212/,movie,8.2,161,1957,"Adventure, Drama, War",182649,1957-10-02,David Lean,27200000,86077904,30,7
256,256,tt5027774,9,2018-12-30,"Three Billboards Outside Ebbing, Missouri",https://www.imdb.com/title/tt5027774/,movie,8.2,115,2017,"Comedy, Crime, Drama",313884,2017-09-04,Martin McDonagh,54513740,57587851,132,222
257,257,tt0050825,8,2017-03-15,Paths of Glory,https://www.imdb.com/title/tt0050825/,movie,8.4,88,1957,"Drama, War",151771,1957-11-01,Stanley Kubrick,0,0,5,3
258,258,tt0050986,8,2017-09-27,SmultronstÃ¤llet,https://www.imdb.com/title/tt0050986/,movie,8.2,91,1957,"Drama, Romance",82091,1957-12-26,Ingmar Bergman,0,0,16,4
259,259,tt0052357,7,2017-03-15,Vertigo,https://www.imdb.com/title/tt0052357/,movie,8.3,128,1958,"Mystery, Romance, Thriller",311848,1958-05-09,Alfred Hitchcock,7705225,23942333,8,7
260,260,tt0052618,8,2017-09-22,Ben-Hur,https://www.imdb.com/title/tt0052618/,movie,8.1,212,1959,"Adventure, Drama, History",197452,1959-11-18,William Wyler,74422622,227062013,29,16
261,261,tt0053125,6,2017-03-15,North by Northwest,https://www.imdb.com/title/tt0053125/,movie,8.3,136,1959,"Adventure, Mystery, Thriller",265446,1959-07-01,Alfred Hitchcock,0,0,8,10
262,262,tt0054047,9,2017-11-22,The Magnificent Seven,https://www.imdb.com/title/tt0054047/,movie,7.8,128,1960,"Action, Adventure, Western",79373,1960-10-12,John Sturges,0,0,1,6
263,263,tt0056592,9,2018-01-19,To Kill a Mockingbird,https://www.imdb.com/title/tt0056592/,movie,8.3,129,1962,"Crime, Drama",265611,1962-12-25,Robert Mulligan,592237,1710449,13,16
264,264,tt0057012,9,2017-12-06,Dr. Strangelove or: How I Learned to Stop Worrying and Love the Bomb,https://www.imdb.com/title/tt0057012/,movie,8.4,95,1964,Comedy,406436,1964-01-29,Stanley Kubrick,9440272,26285477,13,11
265,265,tt0057115,8,2017-03-15,The Great Escape,https://www.imdb.com/title/tt0057115/,movie,8.2,172,1963,"Adventure, Drama, History, Thriller, War",201084,1963-06-20,John Sturges,0,0,2,11
266,266,tt0058331,8,2017-10-14,Mary Poppins,https://www.imdb.com/title/tt0058331/,movie,7.8,139,1964,"Comedy, Family, Fantasy, Musical",136115,1964-08-27,Robert Stevenson,102272727,284768007,20,17
267,267,tt0058461,8,2017-10-25,Per un pugno di dollari,https://www.imdb.com/title/tt0058461/,movie,8.0,99,1964,Western,174461,1964-09-12,Sergio Leone,14500000,40373775,1,3
268,268,tt0059113,9,2017-03-25,Doctor Zhivago,https://www.imdb.com/title/tt0059113/,movie,8.0,197,1965,"Drama, Romance, War",63236,1965-12-22,David Lean,111721910,305441525,21,13
269,269,tt0059578,8,2017-03-25,Per qualche dollaro in piÃ¹,https://www.imdb.com/title/tt0059578/,movie,8.3,132,1965,Western,199677,1965-12-18,Sergio Leone,15000000,41009170,0,1
270,270,tt0059742,7,2017-03-15,The Sound of Music,https://www.imdb.com/title/tt0059742/,movie,8.0,172,1965,"Biography, Drama, Family, Musical, Romance",177955,1965-03-02,Robert Wise,159287539,435483325,17,13
271,271,tt0060196,10,2017-03-15,"Il buono, il brutto, il cattivo",https://www.imdb.com/title/tt0060196/,movie,8.9,161,1966,Western,606244,1966-12-23,Sergio Leone,25100000,67378574,1,3
272,272,tt0061512,9,2017-12-06,Cool Hand Luke,https://www.imdb.com/title/tt0061512/,movie,8.1,126,1967,"Crime, Drama",145090,1967-11-01,Stuart Rosenberg,0,0,4,10
273,273,tt0061578,8,2017-10-14,The Dirty Dozen,https://www.imdb.com/title/tt0061578/,movie,7.8,150,1967,"Action, Adventure, War",60473,1967-06-15,Robert Aldrich,0,0,4,8
274,274,tt0061811,9,2017-11-01,In the Heat of the Night,https://www.imdb.com/title/tt0061811/,movie,8.0,110,1967,"Crime, Drama, Mystery, Thriller",58750,1967-08-02,Norman Jewison,0,0,22,14
275,275,tt0062622,8,2017-03-15,2001: A Space Odyssey,https://www.imdb.com/title/tt0062622/,movie,8.3,149,1968,"Adventure, Sci-Fi",527876,1968-04-02,Stanley Kubrick,60541301,156681089,16,10
276,276,tt0064110,7,2017-10-14,The Bridge at Remagen,https://www.imdb.com/title/tt0064110/,movie,6.7,115,1969,"Action, Drama, War",7615,1969-06-25,John Guillermin,0,0,0,0
277,277,tt0064115,9,2017-11-22,Butch Cassidy and the Sundance Kid,https://www.imdb.com/title/tt0064115/,movie,8.1,110,1969,"Biography, Crime, Drama, Western",183499,1969-09-23,George Roy Hill,102308889,259977983,21,14
278,278,tt0065207,7,2017-10-14,Where Eagles Dare,https://www.imdb.com/title/tt0065207/,movie,7.7,158,1968,"Action, Adventure, War",46602,1968-12-21,Brian G. Hutton,7100000,18374823,1,3
279,279,tt0066206,8,2017-03-15,Patton,https://www.imdb.com/title/tt0066206/,movie,8.0,172,1970,"Biography, Drama, War",86721,1970-02-04,Franklin J. Schaffner,61749765,154069573,24,8
280,280,tt0067116,9,2018-03-24,The French Connection,https://www.imdb.com/title/tt0067116/,movie,7.8,104,1971,"Action, Crime, Drama, Thriller",97301,1971-10-07,William Friedkin,51700000,126657375,22,11
281,281,tt0067992,8,2017-11-22,Willy Wonka & the Chocolate Factory,https://www.imdb.com/title/tt0067992/,movie,7.8,100,1971,"Family, Fantasy, Musical",156624,1971-06-28,Mel Stuart,526633,1290173,2,3
282,282,tt0068646,9,2017-03-15,The Godfather,https://www.imdb.com/title/tt0068646/,movie,9.2,175,1972,"Crime, Drama",1400659,1972-03-14,Francis Ford Coppola,134966411,324656429,29,30
283,283,tt0070016,9,2017-09-27,Charlotte's Web,https://www.imdb.com/title/tt0070016/,movie,6.9,94,1973,"Animation, Family, Musical",15214,1973-02-22,"Charles A. Nichols, Iwao Takamoto",5232000,12357323,1,0
284,284,tt0071562,7,2017-03-15,The Godfather: Part II,https://www.imdb.com/title/tt0071562/,movie,9.0,202,1974,"Crime, Drama",970977,1974-12-12,Francis Ford Coppola,47834595,110932077,17,20
285,285,tt0073195,7,2018-01-28,Jaws,https://www.imdb.com/title/tt0073195/,movie,8.0,124,1975,"Adventure, Drama, Thriller",498837,1975-06-20,Steven Spielberg,260000000,592034155,14,19
286,286,tt0073486,8,2019-01-01,One Flew Over the Cuckoo's Nest,https://www.imdb.com/title/tt0073486/,movie,8.7,133,1975,Drama,811105,1975-11-19,Milos Forman,108981275,248156296,35,13
287,287,tt0075148,10,2018-12-30,Rocky,https://www.imdb.com/title/tt0075148/,movie,8.1,120,1976,"Drama, Sport",461198,1976-11-20,John G. Avildsen,117235147,262113636,20,21
288,288,tt0075314,7,2017-12-18,Taxi Driver,https://www.imdb.com/title/tt0075314/,movie,8.3,114,1976,"Crime, Drama",620242,1976-02-07,Martin Scorsese,28262574,63189292,21,19
289,289,tt0075784,7,2017-10-14,A Bridge Too Far,https://www.imdb.com/title/tt0075784/,movie,7.4,175,1977,"Drama, History, War",46345,1977-06-15,Richard Attenborough,50750000,111410519,7,4
290,290,tt0075860,7,2017-10-14,Close Encounters of the Third Kind,https://www.imdb.com/title/tt0075860/,movie,7.7,138,1977,"Drama, Sci-Fi",164122,1977-11-15,Steven Spielberg,135189114,296778115,15,38
291,291,tt0758794,8,2017-10-25,We Are Marshall,https://www.imdb.com/title/tt0758794/,movie,7.1,131,2006,"Drama, Sport",52755,2006-12-12,McG,43545364,56250289,0,1
292,292,tt0765429,7,2017-12-02,American Gangster,https://www.imdb.com/title/tt0765429/,movie,7.8,157,2007,"Biography, Crime, Drama, Thriller",360696,2007-10-19,Ridley Scott,130164645,165095124,13,37
293,293,tt0076759,8,2017-12-06,Star Wars,https://www.imdb.com/title/tt0076759/,movie,8.6,121,1977,"Action, Adventure, Fantasy, Sci-Fi",1095553,1977-05-25,George Lucas,460998507,1012021340,58,28
294,294,tt0770828,9,2017-11-04,Man of Steel,https://www.imdb.com/title/tt0770828/,movie,7.1,143,2013,"Action, Adventure, Fantasy, Sci-Fi",633946,2013-06-10,Zack Snyder,291045518,330789972,7,46
295,295,tt0780536,10,2018-10-28,In Bruges,https://www.imdb.com/title/tt0780536/,movie,7.9,107,2008,"Comedy, Crime, Drama, Thriller",355390,2008-01-17,Martin McDonagh,7800824,9714938,24,55
296,296,tt0078748,8,2017-12-21,Alien,https://www.imdb.com/title/tt0078748/,movie,8.5,116,1979,"Horror, Sci-Fi",695634,1979-05-25,Ridley Scott,81765459,173052057,17,20
297,297,tt0790724,8,2017-03-15,Jack Reacher,https://www.imdb.com/title/tt0790724/,movie,7.0,130,2012,"Action, Crime, Thriller",279173,2012-12-10,Christopher McQuarrie,80070736,92684448,1,5
298,298,tt0079501,7,2017-11-11,Mad Max,https://www.imdb.com/title/tt0079501/,movie,7.0,88,1979,"Action, Adventure, Sci-Fi, Thriller",173556,1979-04-12,George Miller,8750000,18518889,4,7
299,299,tt0796366,8,2017-11-22,Star Trek,https://www.imdb.com/title/tt0796366/,movie,8.0,127,2009,"Action, Adventure, Sci-Fi",551451,2009-04-06,J.J. Abrams,257730019,315154092,25,93
300,300,tt0079817,8,2017-03-15,Rocky II,https://www.imdb.com/title/tt0079817/,movie,7.2,119,1979,"Drama, Sport",167399,1979-06-15,Sylvester Stallone,85182160,180283315,2,2
301,301,tt0799934,6,2017-10-15,Be Kind Rewind,https://www.imdb.com/title/tt0799934/,movie,6.4,102,2008,Comedy,85244,2008-01-20,Michel Gondry,11175164,13917251,0,4
302,302,tt0800080,6,2017-10-25,The Incredible Hulk,https://www.imdb.com/title/tt0800080/,movie,6.8,112,2008,"Action, Adventure, Sci-Fi",385771,2008-06-06,Louis Leterrier,134806913,167884940,1,8
303,303,tt0800369,7,2017-10-21,Thor,https://www.imdb.com/title/tt0800369/,movie,7.0,115,2011,"Action, Adventure, Fantasy, Sci-Fi",653572,2011-04-17,Kenneth Branagh,181030624,213415879,5,30
304,304,tt0080339,9,2017-03-15,Airplane!,https://www.imdb.com/title/tt0080339/,movie,7.8,88,1980,Comedy,186431,1980-07-02,"Jim Abrahams, Jerry Zucker, David Zucker",83453539,173424326,2,7
305,305,tt0080678,8,2017-10-25,The Elephant Man,https://www.imdb.com/title/tt0080678/,movie,8.2,124,1980,"Biography, Drama",196553,1980-10-02,David Lynch,26010864,54053028,10,21
306,306,tt0080684,8,2017-03-15,Star Wars: Episode V - The Empire Strikes Back,https://www.imdb.com/title/tt0080684/,movie,8.8,124,1980,"Action, Adventure, Fantasy, Sci-Fi",1025624,1980-05-17,Irvin Kershner,290271960,603212514,25,19
307,307,tt0081398,8,2018-12-30,Raging Bull,https://www.imdb.com/title/tt0081398/,movie,8.2,129,1980,"Biography, Drama, Sport",281512,1980-11-13,Martin Scorsese,23383987,48594130,24,27
308,308,tt0081505,9,2017-10-31,The Shining,https://www.imdb.com/title/tt0081505/,movie,8.4,146,1980,"Drama, Horror",758482,1980-05-23,Stanley Kubrick,45332952,94206150,4,7
309,309,tt0816692,9,2017-09-27,Interstellar,https://www.imdb.com/title/tt0816692/,movie,8.6,169,2014,"Adventure, Drama, Sci-Fi",1250552,2014-10-26,Christopher Nolan,188020017,209823378,44,145
310,310,tt0816711,8,2017-03-15,World War Z,https://www.imdb.com/title/tt0816711/,movie,7.0,116,2013,"Action, Adventure, Horror, Sci-Fi, Thriller",542156,2013-06-02,Marc Forster,202359711,229993451,3,24
311,311,tt0822854,7,2017-09-24,Shooter,https://www.imdb.com/title/tt0822854/,movie,7.2,124,2007,"Action, Crime, Drama, Mystery, Thriller",287421,2007-03-08,Antoine Fuqua,47003582,59617280,0,2
312,312,tt0082971,7,2017-03-15,Raiders of the Lost Ark,https://www.imdb.com/title/tt0082971/,movie,8.5,115,1981,"Action, Adventure",791610,1981-06-12,Steven Spielberg,248159971,506355294,35,24
313,313,tt0831387,7,2017-03-15,Godzilla,https://www.imdb.com/title/tt0831387/,movie,6.4,123,2014,"Action, Adventure, Sci-Fi, Thriller",341031,2014-05-08,Gareth Edwards,200676069,223947064,7,31
314,314,tt0083987,8,2018-04-05,Gandhi,https://www.imdb.com/title/tt0083987/,movie,8.1,191,1982,"Biography, Drama, History",203834,1982-11-30,Richard Attenborough,52767889,105718675,35,20
315,315,tt0084602,7,2017-03-15,Rocky III,https://www.imdb.com/title/tt0084602/,movie,6.8,99,1982,"Drama, Sport",151352,1982-05-24,Sylvester Stallone,125049125,250531680,2,8
316,316,tt0848228,9,2017-03-15,The Avengers,https://www.imdb.com/title/tt0848228/,movie,8.1,143,2012,"Action, Adventure, Sci-Fi",1144783,2012-04-11,Joss Whedon,623357910,721556803,38,80
317,317,tt0085334,8,2017-10-06,A Christmas Story,https://www.imdb.com/title/tt0085334/,movie,8.0,94,1983,"Comedy, Family",121152,1983-11-18,Bob Clark,20605209,40533806,3,11
318,318,tt0086066,10,2018-12-30,The Outsiders,https://www.imdb.com/title/tt0086066/,movie,7.2,91,1983,"Crime, Drama",66549,1983-03-25,Francis Ford Coppola,25697647,50551462,1,3
319,319,tt0086190,8,2017-03-15,Star Wars: Episode VI - Return of the Jedi,https://www.imdb.com/title/tt0086190/,movie,8.3,131,1983,"Action, Adventure, Fantasy, Sci-Fi",841076,1983-05-25,Richard Marquand,309306177,608455689,22,20
320,320,tt0087538,7,2017-10-25,The Karate Kid,https://www.imdb.com/title/tt0087538/,movie,7.2,126,1984,"Action, Drama, Family, Sport",154526,1984-06-22,John G. Avildsen,91077276,175917386,2,3
321,321,tt0884328,6,2017-03-15,The Mist,https://www.imdb.com/title/tt0884328/,movie,7.2,126,2007,"Horror, Sci-Fi",256022,2007-11-12,Frank Darabont,25594957,32463520,6,11
322,322,tt0088763,7,2017-03-15,Back to the Future,https://www.imdb.com/title/tt0088763/,movie,8.5,116,1985,"Adventure, Comedy, Sci-Fi",907840,1985-07-03,Robert Zemeckis,211159762,400468410,20,25
323,323,tt0887912,8,2017-03-15,The Hurt Locker,https://www.imdb.com/title/tt0887912/,movie,7.6,131,2008,"Drama, Thriller, War",385108,2008-09-04,Kathryn Bigelow,17017811,21193528,125,129
324,324,tt0089218,8,2017-10-15,The Goonies,https://www.imdb.com/title/tt0089218/,movie,7.8,114,1985,"Adventure, Comedy, Family",212197,1985-06-07,Richard Donner,62367596,118281304,3,6
325,325,tt0892769,7,2017-03-15,How to Train Your Dragon,https://www.imdb.com/title/tt0892769/,movie,8.1,98,2010,"Animation, Action, Adventure, Comedy, Family, Fantasy",591441,2010-03-18,"Dean DeBlois, Chris Sanders",217581231,261238838,25,62
326,326,tt0898367,9,2018-01-15,The Road,https://www.imdb.com/title/tt0898367/,movie,7.3,111,2009,"Adventure, Drama",203759,2009-09-03,John Hillcoat,8117000,9925525,5,34
327,327,tt0089927,8,2017-10-25,Rocky IV,https://www.imdb.com/title/tt0089927/,movie,6.8,91,1985,"Drama, Sport",163612,1985-11-21,Sylvester Stallone,127873716,242514877,9,5
328,328,tt0903624,7,2017-03-15,The Hobbit: An Unexpected Journey,https://www.imdb.com/title/tt0903624/,movie,7.9,169,2012,"Adventure, Family, Fantasy",710474,2012-11-28,Peter Jackson,303003568,350736362,10,75
329,329,tt0090605,7,2018-02-28,Aliens,https://www.imdb.com/title/tt0090605/,movie,8.4,137,1986,"Action, Adventure, Sci-Fi, Thriller",587476,1986-07-14,James Cameron,85160248,158581450,20,23
330,330,tt0091042,8,2017-11-25,Ferris Bueller's Day Off,https://www.imdb.com/title/tt0091042/,movie,7.8,103,1986,Comedy,283376,1986-06-11,John Hughes,70136369,130604682,1,1
331,331,tt0910970,7,2017-03-15,WALLÂ·E,https://www.imdb.com/title/tt0910970/,movie,8.4,98,2008,"Animation, Adventure, Family, Sci-Fi",882580,2008-06-21,Andrew Stanton,223808164,278724728,92,93
332,332,tt0918940,6,2017-03-17,The Legend of Tarzan,https://www.imdb.com/title/tt0918940/,movie,6.3,110,2016,"Action, Adventure, Drama, Fantasy, Romance",145895,2016-06-27,David Yates,126643061,136253580,2,4
333,333,tt0093409,8,2017-03-15,Lethal Weapon,https://www.imdb.com/title/tt0093409/,movie,7.6,109,1987,"Action, Crime, Thriller",216231,1987-03-06,Richard Donner,65207127,119225431,7,2
334,334,tt0093748,7,2017-03-19,"Planes, Trains & Automobiles",https://www.imdb.com/title/tt0093748/,movie,7.6,93,1987,Comedy,107932,1987-11-25,John Hughes,49530280,90561711,0,1
335,335,tt0093773,8,2017-03-15,Predator,https://www.imdb.com/title/tt0093773/,movie,7.8,107,1987,"Action, Adventure, Sci-Fi, Thriller",339154,1987-06-12,John McTiernan,59735548,109221136,3,6
336,336,tt0093779,10,2017-10-14,The Princess Bride,https://www.imdb.com/title/tt0093779/,movie,8.1,98,1987,"Adventure, Family, Fantasy, Romance",350288,1987-09-18,Rob Reiner,30857814,56420768,7,9
337,337,tt0094012,6,2018-02-28,Spaceballs,https://www.imdb.com/title/tt0094012/,movie,7.1,96,1987,"Adventure, Comedy, Sci-Fi",155986,1987-06-24,Mel Brooks,38119483,69698083,1,0
338,338,tt0094226,8,2017-12-05,The Untouchables,https://www.imdb.com/title/tt0094226/,movie,7.9,119,1987,"Crime, Drama, Thriller",250571,1987-06-02,Brian De Palma,76270454,139453740,11,16
339,339,tt0094721,7,2017-12-19,Beetlejuice,https://www.imdb.com/title/tt0094721/,movie,7.5,92,1988,"Comedy, Fantasy",226069,1988-03-29,Tim Burton,74220408,133246418,7,11
340,340,tt0948470,7,2017-03-15,The Amazing Spider-Man,https://www.imdb.com/title/tt0948470/,movie,7.0,136,2012,"Action, Adventure, Sci-Fi",515159,2012-06-13,Marc Webb,262030663,303308909,2,31
341,341,tt0095016,8,2017-03-15,Die Hard,https://www.imdb.com/title/tt0095016/,movie,8.2,132,1988,"Action, Thriller",706219,1988-07-12,John McTiernan,83519093,149940161,8,6
342,342,tt0095647,8,2018-04-10,Mississippi Burning,https://www.imdb.com/title/tt0095647/,movie,7.8,128,1988,"Crime, Drama, History, Mystery, Thriller",77021,1988-12-02,Alan Parker,34603943,62123768,17,24
343,343,tt0096895,7,2017-10-22,Batman,https://www.imdb.com/title/tt0096895/,movie,7.5,126,1989,"Action, Adventure",307173,1989-06-19,Tim Burton,251348343,443064139,9,26
344,344,tt0097165,8,2018-01-13,Dead Poets Society,https://www.imdb.com/title/tt0097165/,movie,8.1,128,1989,"Comedy, Drama",356499,1989-06-02,Peter Weir,95860116,168977361,20,18
345,345,tt0974015,6,2018-04-18,Justice League,https://www.imdb.com/title/tt0974015/,movie,6.5,120,2017,"Action, Adventure, Fantasy, Sci-Fi",308678,2017-10-26,Zack Snyder,229024295,241939316,2,13
346,346,tt0097576,6,2017-03-15,Indiana Jones and the Last Crusade,https://www.imdb.com/title/tt0097576/,movie,8.2,127,1989,"Action, Adventure, Fantasy",618658,1989-05-24,Steven Spielberg,197171806,347564481,8,22
347,347,tt0098536,6,2017-03-15,Turner & Hooch,https://www.imdb.com/title/tt0098536/,movie,6.1,97,1989,"Comedy, Crime, Drama, Thriller",56608,1989-07-28,Roger Spottiswoode,71079915,125296077,1,1
348,348,tt0988045,7,2017-03-15,Sherlock Holmes,https://www.imdb.com/title/tt0988045/,movie,7.6,128,2009,"Action, Adventure, Crime, Mystery, Thriller",540391,2009-12-14,Guy Ritchie,209028679,255601749,10,31
349,349,tt0098904,9,2017-11-11,Seinfeld,https://www.imdb.com/title/tt0098904/,tvSeries,8.9,22,1989,Comedy,217242,1989-07-05,,0,0,74,185
350,350,tt0099088,5,2017-10-25,Back to the Future Part III,https://www.imdb.com/title/tt0099088/,movie,7.4,118,1990,"Adventure, Comedy, Sci-Fi, Western",348325,1990-05-25,Robert Zemeckis,88277583,152791564,5,11
351,351,tt0099348,8,2017-12-09,Dances with Wolves,https://www.imdb.com/title/tt0099348/,movie,8.0,181,1990,"Adventure, Drama, Western",216072,1990-10-19,Kevin Costner,184208848,318830183,51,37
352,352,tt0099487,8,2017-10-22,Edward Scissorhands,https://www.imdb.com/title/tt0099487/,movie,7.9,105,1990,"Drama, Fantasy, Romance",408010,1990-12-06,Tim Burton,56362352,97552420,9,24
353,353,tt0099674,8,2017-10-25,The Godfather: Part III,https://www.imdb.com/title/tt0099674/,movie,7.6,162,1990,"Crime, Drama",320563,1990-12-12,Francis Ford Coppola,66666062,115386166,6,23
354,354,tt0099685,8,2017-12-06,Goodfellas,https://www.imdb.com/title/tt0099685/,movie,8.7,146,1990,"Crime, Drama",881158,1990-09-09,Martin Scorsese,46836214,81064503,44,38
355,355,tt0099810,8,2017-03-15,The Hunt for Red October,https://www.imdb.com/title/tt0099810/,movie,7.6,135,1990,"Action, Adventure, Thriller",161710,1990-03-02,John McTiernan,122012643,211180482,3,8
356,356,tt0099864,7,2018-02-14,It,https://www.imdb.com/title/tt0099864/,tvMiniSeries,6.9,192,1990,"Drama, Horror, Mystery, Thriller",100422,1990-11-18,,0,0,3,2
